trial_id,uid,prime,target,match
0,aaapjusaqihskred,sun_aaapjusaqihskred_intact_intact_intact.jpg,sun_aaapjusaqihskred_intact_intact_intact.jpg,match
1,aaapjusaqihskred,sun_aaapjusaqihskred_intact_intact_intact.jpg,sun_aaapjusaqihskred_altered_intact_intact.jpg,mismatch
2,aaapjusaqihskred,sun_aaapjusaqihskred_intact_transposed_intact.jpg,sun_aaapjusaqihskred_intact_transposed_intact.jpg,match
3,aaapjusaqihskred,sun_aaapjusaqihskred_intact_transposed_intact.jpg,sun_aaapjusaqihskred_altered_transposed_intact.jpg,mismatch
4,aaapjusaqihskred,sun_aaapjusaqihskred_intact_intact_rotated.jpg,sun_aaapjusaqihskred_intact_intact_rotated.jpg,match
5,aaapjusaqihskred,sun_aaapjusaqihskred_intact_intact_rotated.jpg,sun_aaapjusaqihskred_altered_intact_rotated.jpg,mismatch
6,aaapjusaqihskred,sun_aaapjusaqihskred_intact_transposed_rotated.jpg,sun_aaapjusaqihskred_intact_transposed_rotated.jpg,match
7,aaapjusaqihskred,sun_aaapjusaqihskred_intact_transposed_rotated.jpg,sun_aaapjusaqihskred_altered_transposed_rotated.jpg,mismatch
8,aaapjusaqihskred,sun_aaapjusaqihskred_altered_intact_intact.jpg,sun_aaapjusaqihskred_intact_intact_intact.jpg,mismatch
9,aaapjusaqihskred,sun_aaapjusaqihskred_altered_intact_intact.jpg,sun_aaapjusaqihskred_altered_intact_intact.jpg,match
10,aaapjusaqihskred,sun_aaapjusaqihskred_altered_transposed_intact.jpg,sun_aaapjusaqihskred_intact_transposed_intact.jpg,mismatch
11,aaapjusaqihskred,sun_aaapjusaqihskred_altered_transposed_intact.jpg,sun_aaapjusaqihskred_altered_transposed_intact.jpg,match
12,aaapjusaqihskred,sun_aaapjusaqihskred_altered_intact_rotated.jpg,sun_aaapjusaqihskred_intact_intact_rotated.jpg,mismatch
13,aaapjusaqihskred,sun_aaapjusaqihskred_altered_intact_rotated.jpg,sun_aaapjusaqihskred_altered_intact_rotated.jpg,match
14,aaapjusaqihskred,sun_aaapjusaqihskred_altered_transposed_rotated.jpg,sun_aaapjusaqihskred_intact_transposed_rotated.jpg,mismatch
15,aaapjusaqihskred,sun_aaapjusaqihskred_altered_transposed_rotated.jpg,sun_aaapjusaqihskred_altered_transposed_rotated.jpg,match
16,aacohnpwcrythslq,sun_aacohnpwcrythslq_intact_intact_intact.jpg,sun_aacohnpwcrythslq_intact_intact_intact.jpg,match
17,aacohnpwcrythslq,sun_aacohnpwcrythslq_intact_intact_intact.jpg,sun_aacohnpwcrythslq_altered_intact_intact.jpg,mismatch
18,aacohnpwcrythslq,sun_aacohnpwcrythslq_intact_transposed_intact.jpg,sun_aacohnpwcrythslq_intact_transposed_intact.jpg,match
19,aacohnpwcrythslq,sun_aacohnpwcrythslq_intact_transposed_intact.jpg,sun_aacohnpwcrythslq_altered_transposed_intact.jpg,mismatch
20,aacohnpwcrythslq,sun_aacohnpwcrythslq_intact_intact_rotated.jpg,sun_aacohnpwcrythslq_intact_intact_rotated.jpg,match
21,aacohnpwcrythslq,sun_aacohnpwcrythslq_intact_intact_rotated.jpg,sun_aacohnpwcrythslq_altered_intact_rotated.jpg,mismatch
22,aacohnpwcrythslq,sun_aacohnpwcrythslq_intact_transposed_rotated.jpg,sun_aacohnpwcrythslq_intact_transposed_rotated.jpg,match
23,aacohnpwcrythslq,sun_aacohnpwcrythslq_intact_transposed_rotated.jpg,sun_aacohnpwcrythslq_altered_transposed_rotated.jpg,mismatch
24,aacohnpwcrythslq,sun_aacohnpwcrythslq_altered_intact_intact.jpg,sun_aacohnpwcrythslq_intact_intact_intact.jpg,mismatch
25,aacohnpwcrythslq,sun_aacohnpwcrythslq_altered_intact_intact.jpg,sun_aacohnpwcrythslq_altered_intact_intact.jpg,match
26,aacohnpwcrythslq,sun_aacohnpwcrythslq_altered_transposed_intact.jpg,sun_aacohnpwcrythslq_intact_transposed_intact.jpg,mismatch
27,aacohnpwcrythslq,sun_aacohnpwcrythslq_altered_transposed_intact.jpg,sun_aacohnpwcrythslq_altered_transposed_intact.jpg,match
28,aacohnpwcrythslq,sun_aacohnpwcrythslq_altered_intact_rotated.jpg,sun_aacohnpwcrythslq_intact_intact_rotated.jpg,mismatch
29,aacohnpwcrythslq,sun_aacohnpwcrythslq_altered_intact_rotated.jpg,sun_aacohnpwcrythslq_altered_intact_rotated.jpg,match
30,aacohnpwcrythslq,sun_aacohnpwcrythslq_altered_transposed_rotated.jpg,sun_aacohnpwcrythslq_intact_transposed_rotated.jpg,mismatch
31,aacohnpwcrythslq,sun_aacohnpwcrythslq_altered_transposed_rotated.jpg,sun_aacohnpwcrythslq_altered_transposed_rotated.jpg,match
32,aacwuhnaioedwhfg,sun_aacwuhnaioedwhfg_intact_intact_intact.jpg,sun_aacwuhnaioedwhfg_intact_intact_intact.jpg,match
33,aacwuhnaioedwhfg,sun_aacwuhnaioedwhfg_intact_intact_intact.jpg,sun_aacwuhnaioedwhfg_altered_intact_intact.jpg,mismatch
34,aacwuhnaioedwhfg,sun_aacwuhnaioedwhfg_intact_transposed_intact.jpg,sun_aacwuhnaioedwhfg_intact_transposed_intact.jpg,match
35,aacwuhnaioedwhfg,sun_aacwuhnaioedwhfg_intact_transposed_intact.jpg,sun_aacwuhnaioedwhfg_altered_transposed_intact.jpg,mismatch
36,aacwuhnaioedwhfg,sun_aacwuhnaioedwhfg_intact_intact_rotated.jpg,sun_aacwuhnaioedwhfg_intact_intact_rotated.jpg,match
37,aacwuhnaioedwhfg,sun_aacwuhnaioedwhfg_intact_intact_rotated.jpg,sun_aacwuhnaioedwhfg_altered_intact_rotated.jpg,mismatch
38,aacwuhnaioedwhfg,sun_aacwuhnaioedwhfg_intact_transposed_rotated.jpg,sun_aacwuhnaioedwhfg_intact_transposed_rotated.jpg,match
39,aacwuhnaioedwhfg,sun_aacwuhnaioedwhfg_intact_transposed_rotated.jpg,sun_aacwuhnaioedwhfg_altered_transposed_rotated.jpg,mismatch
40,aacwuhnaioedwhfg,sun_aacwuhnaioedwhfg_altered_intact_intact.jpg,sun_aacwuhnaioedwhfg_intact_intact_intact.jpg,mismatch
41,aacwuhnaioedwhfg,sun_aacwuhnaioedwhfg_altered_intact_intact.jpg,sun_aacwuhnaioedwhfg_altered_intact_intact.jpg,match
42,aacwuhnaioedwhfg,sun_aacwuhnaioedwhfg_altered_transposed_intact.jpg,sun_aacwuhnaioedwhfg_intact_transposed_intact.jpg,mismatch
43,aacwuhnaioedwhfg,sun_aacwuhnaioedwhfg_altered_transposed_intact.jpg,sun_aacwuhnaioedwhfg_altered_transposed_intact.jpg,match
44,aacwuhnaioedwhfg,sun_aacwuhnaioedwhfg_altered_intact_rotated.jpg,sun_aacwuhnaioedwhfg_intact_intact_rotated.jpg,mismatch
45,aacwuhnaioedwhfg,sun_aacwuhnaioedwhfg_altered_intact_rotated.jpg,sun_aacwuhnaioedwhfg_altered_intact_rotated.jpg,match
46,aacwuhnaioedwhfg,sun_aacwuhnaioedwhfg_altered_transposed_rotated.jpg,sun_aacwuhnaioedwhfg_intact_transposed_rotated.jpg,mismatch
47,aacwuhnaioedwhfg,sun_aacwuhnaioedwhfg_altered_transposed_rotated.jpg,sun_aacwuhnaioedwhfg_altered_transposed_rotated.jpg,match
48,aacxaszsngweyrkv,sun_aacxaszsngweyrkv_intact_intact_intact.jpg,sun_aacxaszsngweyrkv_intact_intact_intact.jpg,match
49,aacxaszsngweyrkv,sun_aacxaszsngweyrkv_intact_intact_intact.jpg,sun_aacxaszsngweyrkv_altered_intact_intact.jpg,mismatch
50,aacxaszsngweyrkv,sun_aacxaszsngweyrkv_intact_transposed_intact.jpg,sun_aacxaszsngweyrkv_intact_transposed_intact.jpg,match
51,aacxaszsngweyrkv,sun_aacxaszsngweyrkv_intact_transposed_intact.jpg,sun_aacxaszsngweyrkv_altered_transposed_intact.jpg,mismatch
52,aacxaszsngweyrkv,sun_aacxaszsngweyrkv_intact_intact_rotated.jpg,sun_aacxaszsngweyrkv_intact_intact_rotated.jpg,match
53,aacxaszsngweyrkv,sun_aacxaszsngweyrkv_intact_intact_rotated.jpg,sun_aacxaszsngweyrkv_altered_intact_rotated.jpg,mismatch
54,aacxaszsngweyrkv,sun_aacxaszsngweyrkv_intact_transposed_rotated.jpg,sun_aacxaszsngweyrkv_intact_transposed_rotated.jpg,match
55,aacxaszsngweyrkv,sun_aacxaszsngweyrkv_intact_transposed_rotated.jpg,sun_aacxaszsngweyrkv_altered_transposed_rotated.jpg,mismatch
56,aacxaszsngweyrkv,sun_aacxaszsngweyrkv_altered_intact_intact.jpg,sun_aacxaszsngweyrkv_intact_intact_intact.jpg,mismatch
57,aacxaszsngweyrkv,sun_aacxaszsngweyrkv_altered_intact_intact.jpg,sun_aacxaszsngweyrkv_altered_intact_intact.jpg,match
58,aacxaszsngweyrkv,sun_aacxaszsngweyrkv_altered_transposed_intact.jpg,sun_aacxaszsngweyrkv_intact_transposed_intact.jpg,mismatch
59,aacxaszsngweyrkv,sun_aacxaszsngweyrkv_altered_transposed_intact.jpg,sun_aacxaszsngweyrkv_altered_transposed_intact.jpg,match
60,aacxaszsngweyrkv,sun_aacxaszsngweyrkv_altered_intact_rotated.jpg,sun_aacxaszsngweyrkv_intact_intact_rotated.jpg,mismatch
61,aacxaszsngweyrkv,sun_aacxaszsngweyrkv_altered_intact_rotated.jpg,sun_aacxaszsngweyrkv_altered_intact_rotated.jpg,match
62,aacxaszsngweyrkv,sun_aacxaszsngweyrkv_altered_transposed_rotated.jpg,sun_aacxaszsngweyrkv_intact_transposed_rotated.jpg,mismatch
63,aacxaszsngweyrkv,sun_aacxaszsngweyrkv_altered_transposed_rotated.jpg,sun_aacxaszsngweyrkv_altered_transposed_rotated.jpg,match
64,aaeuwbbgnifinbli,sun_aaeuwbbgnifinbli_intact_intact_intact.jpg,sun_aaeuwbbgnifinbli_intact_intact_intact.jpg,match
65,aaeuwbbgnifinbli,sun_aaeuwbbgnifinbli_intact_intact_intact.jpg,sun_aaeuwbbgnifinbli_altered_intact_intact.jpg,mismatch
66,aaeuwbbgnifinbli,sun_aaeuwbbgnifinbli_intact_transposed_intact.jpg,sun_aaeuwbbgnifinbli_intact_transposed_intact.jpg,match
67,aaeuwbbgnifinbli,sun_aaeuwbbgnifinbli_intact_transposed_intact.jpg,sun_aaeuwbbgnifinbli_altered_transposed_intact.jpg,mismatch
68,aaeuwbbgnifinbli,sun_aaeuwbbgnifinbli_intact_intact_rotated.jpg,sun_aaeuwbbgnifinbli_intact_intact_rotated.jpg,match
69,aaeuwbbgnifinbli,sun_aaeuwbbgnifinbli_intact_intact_rotated.jpg,sun_aaeuwbbgnifinbli_altered_intact_rotated.jpg,mismatch
70,aaeuwbbgnifinbli,sun_aaeuwbbgnifinbli_intact_transposed_rotated.jpg,sun_aaeuwbbgnifinbli_intact_transposed_rotated.jpg,match
71,aaeuwbbgnifinbli,sun_aaeuwbbgnifinbli_intact_transposed_rotated.jpg,sun_aaeuwbbgnifinbli_altered_transposed_rotated.jpg,mismatch
72,aaeuwbbgnifinbli,sun_aaeuwbbgnifinbli_altered_intact_intact.jpg,sun_aaeuwbbgnifinbli_intact_intact_intact.jpg,mismatch
73,aaeuwbbgnifinbli,sun_aaeuwbbgnifinbli_altered_intact_intact.jpg,sun_aaeuwbbgnifinbli_altered_intact_intact.jpg,match
74,aaeuwbbgnifinbli,sun_aaeuwbbgnifinbli_altered_transposed_intact.jpg,sun_aaeuwbbgnifinbli_intact_transposed_intact.jpg,mismatch
75,aaeuwbbgnifinbli,sun_aaeuwbbgnifinbli_altered_transposed_intact.jpg,sun_aaeuwbbgnifinbli_altered_transposed_intact.jpg,match
76,aaeuwbbgnifinbli,sun_aaeuwbbgnifinbli_altered_intact_rotated.jpg,sun_aaeuwbbgnifinbli_intact_intact_rotated.jpg,mismatch
77,aaeuwbbgnifinbli,sun_aaeuwbbgnifinbli_altered_intact_rotated.jpg,sun_aaeuwbbgnifinbli_altered_intact_rotated.jpg,match
78,aaeuwbbgnifinbli,sun_aaeuwbbgnifinbli_altered_transposed_rotated.jpg,sun_aaeuwbbgnifinbli_intact_transposed_rotated.jpg,mismatch
79,aaeuwbbgnifinbli,sun_aaeuwbbgnifinbli_altered_transposed_rotated.jpg,sun_aaeuwbbgnifinbli_altered_transposed_rotated.jpg,match
80,aafhvynkhsfbtujp,sun_aafhvynkhsfbtujp_intact_intact_intact.jpg,sun_aafhvynkhsfbtujp_intact_intact_intact.jpg,match
81,aafhvynkhsfbtujp,sun_aafhvynkhsfbtujp_intact_intact_intact.jpg,sun_aafhvynkhsfbtujp_altered_intact_intact.jpg,mismatch
82,aafhvynkhsfbtujp,sun_aafhvynkhsfbtujp_intact_transposed_intact.jpg,sun_aafhvynkhsfbtujp_intact_transposed_intact.jpg,match
83,aafhvynkhsfbtujp,sun_aafhvynkhsfbtujp_intact_transposed_intact.jpg,sun_aafhvynkhsfbtujp_altered_transposed_intact.jpg,mismatch
84,aafhvynkhsfbtujp,sun_aafhvynkhsfbtujp_intact_intact_rotated.jpg,sun_aafhvynkhsfbtujp_intact_intact_rotated.jpg,match
85,aafhvynkhsfbtujp,sun_aafhvynkhsfbtujp_intact_intact_rotated.jpg,sun_aafhvynkhsfbtujp_altered_intact_rotated.jpg,mismatch
86,aafhvynkhsfbtujp,sun_aafhvynkhsfbtujp_intact_transposed_rotated.jpg,sun_aafhvynkhsfbtujp_intact_transposed_rotated.jpg,match
87,aafhvynkhsfbtujp,sun_aafhvynkhsfbtujp_intact_transposed_rotated.jpg,sun_aafhvynkhsfbtujp_altered_transposed_rotated.jpg,mismatch
88,aafhvynkhsfbtujp,sun_aafhvynkhsfbtujp_altered_intact_intact.jpg,sun_aafhvynkhsfbtujp_intact_intact_intact.jpg,mismatch
89,aafhvynkhsfbtujp,sun_aafhvynkhsfbtujp_altered_intact_intact.jpg,sun_aafhvynkhsfbtujp_altered_intact_intact.jpg,match
90,aafhvynkhsfbtujp,sun_aafhvynkhsfbtujp_altered_transposed_intact.jpg,sun_aafhvynkhsfbtujp_intact_transposed_intact.jpg,mismatch
91,aafhvynkhsfbtujp,sun_aafhvynkhsfbtujp_altered_transposed_intact.jpg,sun_aafhvynkhsfbtujp_altered_transposed_intact.jpg,match
92,aafhvynkhsfbtujp,sun_aafhvynkhsfbtujp_altered_intact_rotated.jpg,sun_aafhvynkhsfbtujp_intact_intact_rotated.jpg,mismatch
93,aafhvynkhsfbtujp,sun_aafhvynkhsfbtujp_altered_intact_rotated.jpg,sun_aafhvynkhsfbtujp_altered_intact_rotated.jpg,match
94,aafhvynkhsfbtujp,sun_aafhvynkhsfbtujp_altered_transposed_rotated.jpg,sun_aafhvynkhsfbtujp_intact_transposed_rotated.jpg,mismatch
95,aafhvynkhsfbtujp,sun_aafhvynkhsfbtujp_altered_transposed_rotated.jpg,sun_aafhvynkhsfbtujp_altered_transposed_rotated.jpg,match
96,aatbszovqfokhjfa,sun_aatbszovqfokhjfa_intact_intact_intact.jpg,sun_aatbszovqfokhjfa_intact_intact_intact.jpg,match
97,aatbszovqfokhjfa,sun_aatbszovqfokhjfa_intact_intact_intact.jpg,sun_aatbszovqfokhjfa_altered_intact_intact.jpg,mismatch
98,aatbszovqfokhjfa,sun_aatbszovqfokhjfa_intact_transposed_intact.jpg,sun_aatbszovqfokhjfa_intact_transposed_intact.jpg,match
99,aatbszovqfokhjfa,sun_aatbszovqfokhjfa_intact_transposed_intact.jpg,sun_aatbszovqfokhjfa_altered_transposed_intact.jpg,mismatch
100,aatbszovqfokhjfa,sun_aatbszovqfokhjfa_intact_intact_rotated.jpg,sun_aatbszovqfokhjfa_intact_intact_rotated.jpg,match
101,aatbszovqfokhjfa,sun_aatbszovqfokhjfa_intact_intact_rotated.jpg,sun_aatbszovqfokhjfa_altered_intact_rotated.jpg,mismatch
102,aatbszovqfokhjfa,sun_aatbszovqfokhjfa_intact_transposed_rotated.jpg,sun_aatbszovqfokhjfa_intact_transposed_rotated.jpg,match
103,aatbszovqfokhjfa,sun_aatbszovqfokhjfa_intact_transposed_rotated.jpg,sun_aatbszovqfokhjfa_altered_transposed_rotated.jpg,mismatch
104,aatbszovqfokhjfa,sun_aatbszovqfokhjfa_altered_intact_intact.jpg,sun_aatbszovqfokhjfa_intact_intact_intact.jpg,mismatch
105,aatbszovqfokhjfa,sun_aatbszovqfokhjfa_altered_intact_intact.jpg,sun_aatbszovqfokhjfa_altered_intact_intact.jpg,match
106,aatbszovqfokhjfa,sun_aatbszovqfokhjfa_altered_transposed_intact.jpg,sun_aatbszovqfokhjfa_intact_transposed_intact.jpg,mismatch
107,aatbszovqfokhjfa,sun_aatbszovqfokhjfa_altered_transposed_intact.jpg,sun_aatbszovqfokhjfa_altered_transposed_intact.jpg,match
108,aatbszovqfokhjfa,sun_aatbszovqfokhjfa_altered_intact_rotated.jpg,sun_aatbszovqfokhjfa_intact_intact_rotated.jpg,mismatch
109,aatbszovqfokhjfa,sun_aatbszovqfokhjfa_altered_intact_rotated.jpg,sun_aatbszovqfokhjfa_altered_intact_rotated.jpg,match
110,aatbszovqfokhjfa,sun_aatbszovqfokhjfa_altered_transposed_rotated.jpg,sun_aatbszovqfokhjfa_intact_transposed_rotated.jpg,mismatch
111,aatbszovqfokhjfa,sun_aatbszovqfokhjfa_altered_transposed_rotated.jpg,sun_aatbszovqfokhjfa_altered_transposed_rotated.jpg,match
112,aberbfmfrnqexldp,sun_aberbfmfrnqexldp_intact_intact_intact.jpg,sun_aberbfmfrnqexldp_intact_intact_intact.jpg,match
113,aberbfmfrnqexldp,sun_aberbfmfrnqexldp_intact_intact_intact.jpg,sun_aberbfmfrnqexldp_altered_intact_intact.jpg,mismatch
114,aberbfmfrnqexldp,sun_aberbfmfrnqexldp_intact_transposed_intact.jpg,sun_aberbfmfrnqexldp_intact_transposed_intact.jpg,match
115,aberbfmfrnqexldp,sun_aberbfmfrnqexldp_intact_transposed_intact.jpg,sun_aberbfmfrnqexldp_altered_transposed_intact.jpg,mismatch
116,aberbfmfrnqexldp,sun_aberbfmfrnqexldp_intact_intact_rotated.jpg,sun_aberbfmfrnqexldp_intact_intact_rotated.jpg,match
117,aberbfmfrnqexldp,sun_aberbfmfrnqexldp_intact_intact_rotated.jpg,sun_aberbfmfrnqexldp_altered_intact_rotated.jpg,mismatch
118,aberbfmfrnqexldp,sun_aberbfmfrnqexldp_intact_transposed_rotated.jpg,sun_aberbfmfrnqexldp_intact_transposed_rotated.jpg,match
119,aberbfmfrnqexldp,sun_aberbfmfrnqexldp_intact_transposed_rotated.jpg,sun_aberbfmfrnqexldp_altered_transposed_rotated.jpg,mismatch
120,aberbfmfrnqexldp,sun_aberbfmfrnqexldp_altered_intact_intact.jpg,sun_aberbfmfrnqexldp_intact_intact_intact.jpg,mismatch
121,aberbfmfrnqexldp,sun_aberbfmfrnqexldp_altered_intact_intact.jpg,sun_aberbfmfrnqexldp_altered_intact_intact.jpg,match
122,aberbfmfrnqexldp,sun_aberbfmfrnqexldp_altered_transposed_intact.jpg,sun_aberbfmfrnqexldp_intact_transposed_intact.jpg,mismatch
123,aberbfmfrnqexldp,sun_aberbfmfrnqexldp_altered_transposed_intact.jpg,sun_aberbfmfrnqexldp_altered_transposed_intact.jpg,match
124,aberbfmfrnqexldp,sun_aberbfmfrnqexldp_altered_intact_rotated.jpg,sun_aberbfmfrnqexldp_intact_intact_rotated.jpg,mismatch
125,aberbfmfrnqexldp,sun_aberbfmfrnqexldp_altered_intact_rotated.jpg,sun_aberbfmfrnqexldp_altered_intact_rotated.jpg,match
126,aberbfmfrnqexldp,sun_aberbfmfrnqexldp_altered_transposed_rotated.jpg,sun_aberbfmfrnqexldp_intact_transposed_rotated.jpg,mismatch
127,aberbfmfrnqexldp,sun_aberbfmfrnqexldp_altered_transposed_rotated.jpg,sun_aberbfmfrnqexldp_altered_transposed_rotated.jpg,match
128,abgtgumhmacvoiyn,sun_abgtgumhmacvoiyn_intact_intact_intact.jpg,sun_abgtgumhmacvoiyn_intact_intact_intact.jpg,match
129,abgtgumhmacvoiyn,sun_abgtgumhmacvoiyn_intact_intact_intact.jpg,sun_abgtgumhmacvoiyn_altered_intact_intact.jpg,mismatch
130,abgtgumhmacvoiyn,sun_abgtgumhmacvoiyn_intact_transposed_intact.jpg,sun_abgtgumhmacvoiyn_intact_transposed_intact.jpg,match
131,abgtgumhmacvoiyn,sun_abgtgumhmacvoiyn_intact_transposed_intact.jpg,sun_abgtgumhmacvoiyn_altered_transposed_intact.jpg,mismatch
132,abgtgumhmacvoiyn,sun_abgtgumhmacvoiyn_intact_intact_rotated.jpg,sun_abgtgumhmacvoiyn_intact_intact_rotated.jpg,match
133,abgtgumhmacvoiyn,sun_abgtgumhmacvoiyn_intact_intact_rotated.jpg,sun_abgtgumhmacvoiyn_altered_intact_rotated.jpg,mismatch
134,abgtgumhmacvoiyn,sun_abgtgumhmacvoiyn_intact_transposed_rotated.jpg,sun_abgtgumhmacvoiyn_intact_transposed_rotated.jpg,match
135,abgtgumhmacvoiyn,sun_abgtgumhmacvoiyn_intact_transposed_rotated.jpg,sun_abgtgumhmacvoiyn_altered_transposed_rotated.jpg,mismatch
136,abgtgumhmacvoiyn,sun_abgtgumhmacvoiyn_altered_intact_intact.jpg,sun_abgtgumhmacvoiyn_intact_intact_intact.jpg,mismatch
137,abgtgumhmacvoiyn,sun_abgtgumhmacvoiyn_altered_intact_intact.jpg,sun_abgtgumhmacvoiyn_altered_intact_intact.jpg,match
138,abgtgumhmacvoiyn,sun_abgtgumhmacvoiyn_altered_transposed_intact.jpg,sun_abgtgumhmacvoiyn_intact_transposed_intact.jpg,mismatch
139,abgtgumhmacvoiyn,sun_abgtgumhmacvoiyn_altered_transposed_intact.jpg,sun_abgtgumhmacvoiyn_altered_transposed_intact.jpg,match
140,abgtgumhmacvoiyn,sun_abgtgumhmacvoiyn_altered_intact_rotated.jpg,sun_abgtgumhmacvoiyn_intact_intact_rotated.jpg,mismatch
141,abgtgumhmacvoiyn,sun_abgtgumhmacvoiyn_altered_intact_rotated.jpg,sun_abgtgumhmacvoiyn_altered_intact_rotated.jpg,match
142,abgtgumhmacvoiyn,sun_abgtgumhmacvoiyn_altered_transposed_rotated.jpg,sun_abgtgumhmacvoiyn_intact_transposed_rotated.jpg,mismatch
143,abgtgumhmacvoiyn,sun_abgtgumhmacvoiyn_altered_transposed_rotated.jpg,sun_abgtgumhmacvoiyn_altered_transposed_rotated.jpg,match
144,abtdndwgqyeufjvf,sun_abtdndwgqyeufjvf_intact_intact_intact.jpg,sun_abtdndwgqyeufjvf_intact_intact_intact.jpg,match
145,abtdndwgqyeufjvf,sun_abtdndwgqyeufjvf_intact_intact_intact.jpg,sun_abtdndwgqyeufjvf_altered_intact_intact.jpg,mismatch
146,abtdndwgqyeufjvf,sun_abtdndwgqyeufjvf_intact_transposed_intact.jpg,sun_abtdndwgqyeufjvf_intact_transposed_intact.jpg,match
147,abtdndwgqyeufjvf,sun_abtdndwgqyeufjvf_intact_transposed_intact.jpg,sun_abtdndwgqyeufjvf_altered_transposed_intact.jpg,mismatch
148,abtdndwgqyeufjvf,sun_abtdndwgqyeufjvf_intact_intact_rotated.jpg,sun_abtdndwgqyeufjvf_intact_intact_rotated.jpg,match
149,abtdndwgqyeufjvf,sun_abtdndwgqyeufjvf_intact_intact_rotated.jpg,sun_abtdndwgqyeufjvf_altered_intact_rotated.jpg,mismatch
150,abtdndwgqyeufjvf,sun_abtdndwgqyeufjvf_intact_transposed_rotated.jpg,sun_abtdndwgqyeufjvf_intact_transposed_rotated.jpg,match
151,abtdndwgqyeufjvf,sun_abtdndwgqyeufjvf_intact_transposed_rotated.jpg,sun_abtdndwgqyeufjvf_altered_transposed_rotated.jpg,mismatch
152,abtdndwgqyeufjvf,sun_abtdndwgqyeufjvf_altered_intact_intact.jpg,sun_abtdndwgqyeufjvf_intact_intact_intact.jpg,mismatch
153,abtdndwgqyeufjvf,sun_abtdndwgqyeufjvf_altered_intact_intact.jpg,sun_abtdndwgqyeufjvf_altered_intact_intact.jpg,match
154,abtdndwgqyeufjvf,sun_abtdndwgqyeufjvf_altered_transposed_intact.jpg,sun_abtdndwgqyeufjvf_intact_transposed_intact.jpg,mismatch
155,abtdndwgqyeufjvf,sun_abtdndwgqyeufjvf_altered_transposed_intact.jpg,sun_abtdndwgqyeufjvf_altered_transposed_intact.jpg,match
156,abtdndwgqyeufjvf,sun_abtdndwgqyeufjvf_altered_intact_rotated.jpg,sun_abtdndwgqyeufjvf_intact_intact_rotated.jpg,mismatch
157,abtdndwgqyeufjvf,sun_abtdndwgqyeufjvf_altered_intact_rotated.jpg,sun_abtdndwgqyeufjvf_altered_intact_rotated.jpg,match
158,abtdndwgqyeufjvf,sun_abtdndwgqyeufjvf_altered_transposed_rotated.jpg,sun_abtdndwgqyeufjvf_intact_transposed_rotated.jpg,mismatch
159,abtdndwgqyeufjvf,sun_abtdndwgqyeufjvf_altered_transposed_rotated.jpg,sun_abtdndwgqyeufjvf_altered_transposed_rotated.jpg,match
160,aeolaksyzidqoouf,sun_aeolaksyzidqoouf_intact_intact_intact.jpg,sun_aeolaksyzidqoouf_intact_intact_intact.jpg,match
161,aeolaksyzidqoouf,sun_aeolaksyzidqoouf_intact_intact_intact.jpg,sun_aeolaksyzidqoouf_altered_intact_intact.jpg,mismatch
162,aeolaksyzidqoouf,sun_aeolaksyzidqoouf_intact_transposed_intact.jpg,sun_aeolaksyzidqoouf_intact_transposed_intact.jpg,match
163,aeolaksyzidqoouf,sun_aeolaksyzidqoouf_intact_transposed_intact.jpg,sun_aeolaksyzidqoouf_altered_transposed_intact.jpg,mismatch
164,aeolaksyzidqoouf,sun_aeolaksyzidqoouf_intact_intact_rotated.jpg,sun_aeolaksyzidqoouf_intact_intact_rotated.jpg,match
165,aeolaksyzidqoouf,sun_aeolaksyzidqoouf_intact_intact_rotated.jpg,sun_aeolaksyzidqoouf_altered_intact_rotated.jpg,mismatch
166,aeolaksyzidqoouf,sun_aeolaksyzidqoouf_intact_transposed_rotated.jpg,sun_aeolaksyzidqoouf_intact_transposed_rotated.jpg,match
167,aeolaksyzidqoouf,sun_aeolaksyzidqoouf_intact_transposed_rotated.jpg,sun_aeolaksyzidqoouf_altered_transposed_rotated.jpg,mismatch
168,aeolaksyzidqoouf,sun_aeolaksyzidqoouf_altered_intact_intact.jpg,sun_aeolaksyzidqoouf_intact_intact_intact.jpg,mismatch
169,aeolaksyzidqoouf,sun_aeolaksyzidqoouf_altered_intact_intact.jpg,sun_aeolaksyzidqoouf_altered_intact_intact.jpg,match
170,aeolaksyzidqoouf,sun_aeolaksyzidqoouf_altered_transposed_intact.jpg,sun_aeolaksyzidqoouf_intact_transposed_intact.jpg,mismatch
171,aeolaksyzidqoouf,sun_aeolaksyzidqoouf_altered_transposed_intact.jpg,sun_aeolaksyzidqoouf_altered_transposed_intact.jpg,match
172,aeolaksyzidqoouf,sun_aeolaksyzidqoouf_altered_intact_rotated.jpg,sun_aeolaksyzidqoouf_intact_intact_rotated.jpg,mismatch
173,aeolaksyzidqoouf,sun_aeolaksyzidqoouf_altered_intact_rotated.jpg,sun_aeolaksyzidqoouf_altered_intact_rotated.jpg,match
174,aeolaksyzidqoouf,sun_aeolaksyzidqoouf_altered_transposed_rotated.jpg,sun_aeolaksyzidqoouf_intact_transposed_rotated.jpg,mismatch
175,aeolaksyzidqoouf,sun_aeolaksyzidqoouf_altered_transposed_rotated.jpg,sun_aeolaksyzidqoouf_altered_transposed_rotated.jpg,match
176,afokxlcyjksyagtp,sun_afokxlcyjksyagtp_intact_intact_intact.jpg,sun_afokxlcyjksyagtp_intact_intact_intact.jpg,match
177,afokxlcyjksyagtp,sun_afokxlcyjksyagtp_intact_intact_intact.jpg,sun_afokxlcyjksyagtp_altered_intact_intact.jpg,mismatch
178,afokxlcyjksyagtp,sun_afokxlcyjksyagtp_intact_transposed_intact.jpg,sun_afokxlcyjksyagtp_intact_transposed_intact.jpg,match
179,afokxlcyjksyagtp,sun_afokxlcyjksyagtp_intact_transposed_intact.jpg,sun_afokxlcyjksyagtp_altered_transposed_intact.jpg,mismatch
180,afokxlcyjksyagtp,sun_afokxlcyjksyagtp_intact_intact_rotated.jpg,sun_afokxlcyjksyagtp_intact_intact_rotated.jpg,match
181,afokxlcyjksyagtp,sun_afokxlcyjksyagtp_intact_intact_rotated.jpg,sun_afokxlcyjksyagtp_altered_intact_rotated.jpg,mismatch
182,afokxlcyjksyagtp,sun_afokxlcyjksyagtp_intact_transposed_rotated.jpg,sun_afokxlcyjksyagtp_intact_transposed_rotated.jpg,match
183,afokxlcyjksyagtp,sun_afokxlcyjksyagtp_intact_transposed_rotated.jpg,sun_afokxlcyjksyagtp_altered_transposed_rotated.jpg,mismatch
184,afokxlcyjksyagtp,sun_afokxlcyjksyagtp_altered_intact_intact.jpg,sun_afokxlcyjksyagtp_intact_intact_intact.jpg,mismatch
185,afokxlcyjksyagtp,sun_afokxlcyjksyagtp_altered_intact_intact.jpg,sun_afokxlcyjksyagtp_altered_intact_intact.jpg,match
186,afokxlcyjksyagtp,sun_afokxlcyjksyagtp_altered_transposed_intact.jpg,sun_afokxlcyjksyagtp_intact_transposed_intact.jpg,mismatch
187,afokxlcyjksyagtp,sun_afokxlcyjksyagtp_altered_transposed_intact.jpg,sun_afokxlcyjksyagtp_altered_transposed_intact.jpg,match
188,afokxlcyjksyagtp,sun_afokxlcyjksyagtp_altered_intact_rotated.jpg,sun_afokxlcyjksyagtp_intact_intact_rotated.jpg,mismatch
189,afokxlcyjksyagtp,sun_afokxlcyjksyagtp_altered_intact_rotated.jpg,sun_afokxlcyjksyagtp_altered_intact_rotated.jpg,match
190,afokxlcyjksyagtp,sun_afokxlcyjksyagtp_altered_transposed_rotated.jpg,sun_afokxlcyjksyagtp_intact_transposed_rotated.jpg,mismatch
191,afokxlcyjksyagtp,sun_afokxlcyjksyagtp_altered_transposed_rotated.jpg,sun_afokxlcyjksyagtp_altered_transposed_rotated.jpg,match
192,aitrzglvqgozzaur,sun_aitrzglvqgozzaur_intact_intact_intact.jpg,sun_aitrzglvqgozzaur_intact_intact_intact.jpg,match
193,aitrzglvqgozzaur,sun_aitrzglvqgozzaur_intact_intact_intact.jpg,sun_aitrzglvqgozzaur_altered_intact_intact.jpg,mismatch
194,aitrzglvqgozzaur,sun_aitrzglvqgozzaur_intact_transposed_intact.jpg,sun_aitrzglvqgozzaur_intact_transposed_intact.jpg,match
195,aitrzglvqgozzaur,sun_aitrzglvqgozzaur_intact_transposed_intact.jpg,sun_aitrzglvqgozzaur_altered_transposed_intact.jpg,mismatch
196,aitrzglvqgozzaur,sun_aitrzglvqgozzaur_intact_intact_rotated.jpg,sun_aitrzglvqgozzaur_intact_intact_rotated.jpg,match
197,aitrzglvqgozzaur,sun_aitrzglvqgozzaur_intact_intact_rotated.jpg,sun_aitrzglvqgozzaur_altered_intact_rotated.jpg,mismatch
198,aitrzglvqgozzaur,sun_aitrzglvqgozzaur_intact_transposed_rotated.jpg,sun_aitrzglvqgozzaur_intact_transposed_rotated.jpg,match
199,aitrzglvqgozzaur,sun_aitrzglvqgozzaur_intact_transposed_rotated.jpg,sun_aitrzglvqgozzaur_altered_transposed_rotated.jpg,mismatch
200,aitrzglvqgozzaur,sun_aitrzglvqgozzaur_altered_intact_intact.jpg,sun_aitrzglvqgozzaur_intact_intact_intact.jpg,mismatch
201,aitrzglvqgozzaur,sun_aitrzglvqgozzaur_altered_intact_intact.jpg,sun_aitrzglvqgozzaur_altered_intact_intact.jpg,match
202,aitrzglvqgozzaur,sun_aitrzglvqgozzaur_altered_transposed_intact.jpg,sun_aitrzglvqgozzaur_intact_transposed_intact.jpg,mismatch
203,aitrzglvqgozzaur,sun_aitrzglvqgozzaur_altered_transposed_intact.jpg,sun_aitrzglvqgozzaur_altered_transposed_intact.jpg,match
204,aitrzglvqgozzaur,sun_aitrzglvqgozzaur_altered_intact_rotated.jpg,sun_aitrzglvqgozzaur_intact_intact_rotated.jpg,mismatch
205,aitrzglvqgozzaur,sun_aitrzglvqgozzaur_altered_intact_rotated.jpg,sun_aitrzglvqgozzaur_altered_intact_rotated.jpg,match
206,aitrzglvqgozzaur,sun_aitrzglvqgozzaur_altered_transposed_rotated.jpg,sun_aitrzglvqgozzaur_intact_transposed_rotated.jpg,mismatch
207,aitrzglvqgozzaur,sun_aitrzglvqgozzaur_altered_transposed_rotated.jpg,sun_aitrzglvqgozzaur_altered_transposed_rotated.jpg,match
208,ajayoaumldvqnjup,sun_ajayoaumldvqnjup_intact_intact_intact.jpg,sun_ajayoaumldvqnjup_intact_intact_intact.jpg,match
209,ajayoaumldvqnjup,sun_ajayoaumldvqnjup_intact_intact_intact.jpg,sun_ajayoaumldvqnjup_altered_intact_intact.jpg,mismatch
210,ajayoaumldvqnjup,sun_ajayoaumldvqnjup_intact_transposed_intact.jpg,sun_ajayoaumldvqnjup_intact_transposed_intact.jpg,match
211,ajayoaumldvqnjup,sun_ajayoaumldvqnjup_intact_transposed_intact.jpg,sun_ajayoaumldvqnjup_altered_transposed_intact.jpg,mismatch
212,ajayoaumldvqnjup,sun_ajayoaumldvqnjup_intact_intact_rotated.jpg,sun_ajayoaumldvqnjup_intact_intact_rotated.jpg,match
213,ajayoaumldvqnjup,sun_ajayoaumldvqnjup_intact_intact_rotated.jpg,sun_ajayoaumldvqnjup_altered_intact_rotated.jpg,mismatch
214,ajayoaumldvqnjup,sun_ajayoaumldvqnjup_intact_transposed_rotated.jpg,sun_ajayoaumldvqnjup_intact_transposed_rotated.jpg,match
215,ajayoaumldvqnjup,sun_ajayoaumldvqnjup_intact_transposed_rotated.jpg,sun_ajayoaumldvqnjup_altered_transposed_rotated.jpg,mismatch
216,ajayoaumldvqnjup,sun_ajayoaumldvqnjup_altered_intact_intact.jpg,sun_ajayoaumldvqnjup_intact_intact_intact.jpg,mismatch
217,ajayoaumldvqnjup,sun_ajayoaumldvqnjup_altered_intact_intact.jpg,sun_ajayoaumldvqnjup_altered_intact_intact.jpg,match
218,ajayoaumldvqnjup,sun_ajayoaumldvqnjup_altered_transposed_intact.jpg,sun_ajayoaumldvqnjup_intact_transposed_intact.jpg,mismatch
219,ajayoaumldvqnjup,sun_ajayoaumldvqnjup_altered_transposed_intact.jpg,sun_ajayoaumldvqnjup_altered_transposed_intact.jpg,match
220,ajayoaumldvqnjup,sun_ajayoaumldvqnjup_altered_intact_rotated.jpg,sun_ajayoaumldvqnjup_intact_intact_rotated.jpg,mismatch
221,ajayoaumldvqnjup,sun_ajayoaumldvqnjup_altered_intact_rotated.jpg,sun_ajayoaumldvqnjup_altered_intact_rotated.jpg,match
222,ajayoaumldvqnjup,sun_ajayoaumldvqnjup_altered_transposed_rotated.jpg,sun_ajayoaumldvqnjup_intact_transposed_rotated.jpg,mismatch
223,ajayoaumldvqnjup,sun_ajayoaumldvqnjup_altered_transposed_rotated.jpg,sun_ajayoaumldvqnjup_altered_transposed_rotated.jpg,match
224,akbzprxefoomxobd,sun_akbzprxefoomxobd_intact_intact_intact.jpg,sun_akbzprxefoomxobd_intact_intact_intact.jpg,match
225,akbzprxefoomxobd,sun_akbzprxefoomxobd_intact_intact_intact.jpg,sun_akbzprxefoomxobd_altered_intact_intact.jpg,mismatch
226,akbzprxefoomxobd,sun_akbzprxefoomxobd_intact_transposed_intact.jpg,sun_akbzprxefoomxobd_intact_transposed_intact.jpg,match
227,akbzprxefoomxobd,sun_akbzprxefoomxobd_intact_transposed_intact.jpg,sun_akbzprxefoomxobd_altered_transposed_intact.jpg,mismatch
228,akbzprxefoomxobd,sun_akbzprxefoomxobd_intact_intact_rotated.jpg,sun_akbzprxefoomxobd_intact_intact_rotated.jpg,match
229,akbzprxefoomxobd,sun_akbzprxefoomxobd_intact_intact_rotated.jpg,sun_akbzprxefoomxobd_altered_intact_rotated.jpg,mismatch
230,akbzprxefoomxobd,sun_akbzprxefoomxobd_intact_transposed_rotated.jpg,sun_akbzprxefoomxobd_intact_transposed_rotated.jpg,match
231,akbzprxefoomxobd,sun_akbzprxefoomxobd_intact_transposed_rotated.jpg,sun_akbzprxefoomxobd_altered_transposed_rotated.jpg,mismatch
232,akbzprxefoomxobd,sun_akbzprxefoomxobd_altered_intact_intact.jpg,sun_akbzprxefoomxobd_intact_intact_intact.jpg,mismatch
233,akbzprxefoomxobd,sun_akbzprxefoomxobd_altered_intact_intact.jpg,sun_akbzprxefoomxobd_altered_intact_intact.jpg,match
234,akbzprxefoomxobd,sun_akbzprxefoomxobd_altered_transposed_intact.jpg,sun_akbzprxefoomxobd_intact_transposed_intact.jpg,mismatch
235,akbzprxefoomxobd,sun_akbzprxefoomxobd_altered_transposed_intact.jpg,sun_akbzprxefoomxobd_altered_transposed_intact.jpg,match
236,akbzprxefoomxobd,sun_akbzprxefoomxobd_altered_intact_rotated.jpg,sun_akbzprxefoomxobd_intact_intact_rotated.jpg,mismatch
237,akbzprxefoomxobd,sun_akbzprxefoomxobd_altered_intact_rotated.jpg,sun_akbzprxefoomxobd_altered_intact_rotated.jpg,match
238,akbzprxefoomxobd,sun_akbzprxefoomxobd_altered_transposed_rotated.jpg,sun_akbzprxefoomxobd_intact_transposed_rotated.jpg,mismatch
239,akbzprxefoomxobd,sun_akbzprxefoomxobd_altered_transposed_rotated.jpg,sun_akbzprxefoomxobd_altered_transposed_rotated.jpg,match
240,akmesttkdmtorsib,sun_akmesttkdmtorsib_intact_intact_intact.jpg,sun_akmesttkdmtorsib_intact_intact_intact.jpg,match
241,akmesttkdmtorsib,sun_akmesttkdmtorsib_intact_intact_intact.jpg,sun_akmesttkdmtorsib_altered_intact_intact.jpg,mismatch
242,akmesttkdmtorsib,sun_akmesttkdmtorsib_intact_transposed_intact.jpg,sun_akmesttkdmtorsib_intact_transposed_intact.jpg,match
243,akmesttkdmtorsib,sun_akmesttkdmtorsib_intact_transposed_intact.jpg,sun_akmesttkdmtorsib_altered_transposed_intact.jpg,mismatch
244,akmesttkdmtorsib,sun_akmesttkdmtorsib_intact_intact_rotated.jpg,sun_akmesttkdmtorsib_intact_intact_rotated.jpg,match
245,akmesttkdmtorsib,sun_akmesttkdmtorsib_intact_intact_rotated.jpg,sun_akmesttkdmtorsib_altered_intact_rotated.jpg,mismatch
246,akmesttkdmtorsib,sun_akmesttkdmtorsib_intact_transposed_rotated.jpg,sun_akmesttkdmtorsib_intact_transposed_rotated.jpg,match
247,akmesttkdmtorsib,sun_akmesttkdmtorsib_intact_transposed_rotated.jpg,sun_akmesttkdmtorsib_altered_transposed_rotated.jpg,mismatch
248,akmesttkdmtorsib,sun_akmesttkdmtorsib_altered_intact_intact.jpg,sun_akmesttkdmtorsib_intact_intact_intact.jpg,mismatch
249,akmesttkdmtorsib,sun_akmesttkdmtorsib_altered_intact_intact.jpg,sun_akmesttkdmtorsib_altered_intact_intact.jpg,match
250,akmesttkdmtorsib,sun_akmesttkdmtorsib_altered_transposed_intact.jpg,sun_akmesttkdmtorsib_intact_transposed_intact.jpg,mismatch
251,akmesttkdmtorsib,sun_akmesttkdmtorsib_altered_transposed_intact.jpg,sun_akmesttkdmtorsib_altered_transposed_intact.jpg,match
252,akmesttkdmtorsib,sun_akmesttkdmtorsib_altered_intact_rotated.jpg,sun_akmesttkdmtorsib_intact_intact_rotated.jpg,mismatch
253,akmesttkdmtorsib,sun_akmesttkdmtorsib_altered_intact_rotated.jpg,sun_akmesttkdmtorsib_altered_intact_rotated.jpg,match
254,akmesttkdmtorsib,sun_akmesttkdmtorsib_altered_transposed_rotated.jpg,sun_akmesttkdmtorsib_intact_transposed_rotated.jpg,mismatch
255,akmesttkdmtorsib,sun_akmesttkdmtorsib_altered_transposed_rotated.jpg,sun_akmesttkdmtorsib_altered_transposed_rotated.jpg,match
256,anxejkjtrjlcoiof,sun_anxejkjtrjlcoiof_intact_intact_intact.jpg,sun_anxejkjtrjlcoiof_intact_intact_intact.jpg,match
257,anxejkjtrjlcoiof,sun_anxejkjtrjlcoiof_intact_intact_intact.jpg,sun_anxejkjtrjlcoiof_altered_intact_intact.jpg,mismatch
258,anxejkjtrjlcoiof,sun_anxejkjtrjlcoiof_intact_transposed_intact.jpg,sun_anxejkjtrjlcoiof_intact_transposed_intact.jpg,match
259,anxejkjtrjlcoiof,sun_anxejkjtrjlcoiof_intact_transposed_intact.jpg,sun_anxejkjtrjlcoiof_altered_transposed_intact.jpg,mismatch
260,anxejkjtrjlcoiof,sun_anxejkjtrjlcoiof_intact_intact_rotated.jpg,sun_anxejkjtrjlcoiof_intact_intact_rotated.jpg,match
261,anxejkjtrjlcoiof,sun_anxejkjtrjlcoiof_intact_intact_rotated.jpg,sun_anxejkjtrjlcoiof_altered_intact_rotated.jpg,mismatch
262,anxejkjtrjlcoiof,sun_anxejkjtrjlcoiof_intact_transposed_rotated.jpg,sun_anxejkjtrjlcoiof_intact_transposed_rotated.jpg,match
263,anxejkjtrjlcoiof,sun_anxejkjtrjlcoiof_intact_transposed_rotated.jpg,sun_anxejkjtrjlcoiof_altered_transposed_rotated.jpg,mismatch
264,anxejkjtrjlcoiof,sun_anxejkjtrjlcoiof_altered_intact_intact.jpg,sun_anxejkjtrjlcoiof_intact_intact_intact.jpg,mismatch
265,anxejkjtrjlcoiof,sun_anxejkjtrjlcoiof_altered_intact_intact.jpg,sun_anxejkjtrjlcoiof_altered_intact_intact.jpg,match
266,anxejkjtrjlcoiof,sun_anxejkjtrjlcoiof_altered_transposed_intact.jpg,sun_anxejkjtrjlcoiof_intact_transposed_intact.jpg,mismatch
267,anxejkjtrjlcoiof,sun_anxejkjtrjlcoiof_altered_transposed_intact.jpg,sun_anxejkjtrjlcoiof_altered_transposed_intact.jpg,match
268,anxejkjtrjlcoiof,sun_anxejkjtrjlcoiof_altered_intact_rotated.jpg,sun_anxejkjtrjlcoiof_intact_intact_rotated.jpg,mismatch
269,anxejkjtrjlcoiof,sun_anxejkjtrjlcoiof_altered_intact_rotated.jpg,sun_anxejkjtrjlcoiof_altered_intact_rotated.jpg,match
270,anxejkjtrjlcoiof,sun_anxejkjtrjlcoiof_altered_transposed_rotated.jpg,sun_anxejkjtrjlcoiof_intact_transposed_rotated.jpg,mismatch
271,anxejkjtrjlcoiof,sun_anxejkjtrjlcoiof_altered_transposed_rotated.jpg,sun_anxejkjtrjlcoiof_altered_transposed_rotated.jpg,match
272,apqibwnqcwarttjn,sun_apqibwnqcwarttjn_intact_intact_intact.jpg,sun_apqibwnqcwarttjn_intact_intact_intact.jpg,match
273,apqibwnqcwarttjn,sun_apqibwnqcwarttjn_intact_intact_intact.jpg,sun_apqibwnqcwarttjn_altered_intact_intact.jpg,mismatch
274,apqibwnqcwarttjn,sun_apqibwnqcwarttjn_intact_transposed_intact.jpg,sun_apqibwnqcwarttjn_intact_transposed_intact.jpg,match
275,apqibwnqcwarttjn,sun_apqibwnqcwarttjn_intact_transposed_intact.jpg,sun_apqibwnqcwarttjn_altered_transposed_intact.jpg,mismatch
276,apqibwnqcwarttjn,sun_apqibwnqcwarttjn_intact_intact_rotated.jpg,sun_apqibwnqcwarttjn_intact_intact_rotated.jpg,match
277,apqibwnqcwarttjn,sun_apqibwnqcwarttjn_intact_intact_rotated.jpg,sun_apqibwnqcwarttjn_altered_intact_rotated.jpg,mismatch
278,apqibwnqcwarttjn,sun_apqibwnqcwarttjn_intact_transposed_rotated.jpg,sun_apqibwnqcwarttjn_intact_transposed_rotated.jpg,match
279,apqibwnqcwarttjn,sun_apqibwnqcwarttjn_intact_transposed_rotated.jpg,sun_apqibwnqcwarttjn_altered_transposed_rotated.jpg,mismatch
280,apqibwnqcwarttjn,sun_apqibwnqcwarttjn_altered_intact_intact.jpg,sun_apqibwnqcwarttjn_intact_intact_intact.jpg,mismatch
281,apqibwnqcwarttjn,sun_apqibwnqcwarttjn_altered_intact_intact.jpg,sun_apqibwnqcwarttjn_altered_intact_intact.jpg,match
282,apqibwnqcwarttjn,sun_apqibwnqcwarttjn_altered_transposed_intact.jpg,sun_apqibwnqcwarttjn_intact_transposed_intact.jpg,mismatch
283,apqibwnqcwarttjn,sun_apqibwnqcwarttjn_altered_transposed_intact.jpg,sun_apqibwnqcwarttjn_altered_transposed_intact.jpg,match
284,apqibwnqcwarttjn,sun_apqibwnqcwarttjn_altered_intact_rotated.jpg,sun_apqibwnqcwarttjn_intact_intact_rotated.jpg,mismatch
285,apqibwnqcwarttjn,sun_apqibwnqcwarttjn_altered_intact_rotated.jpg,sun_apqibwnqcwarttjn_altered_intact_rotated.jpg,match
286,apqibwnqcwarttjn,sun_apqibwnqcwarttjn_altered_transposed_rotated.jpg,sun_apqibwnqcwarttjn_intact_transposed_rotated.jpg,mismatch
287,apqibwnqcwarttjn,sun_apqibwnqcwarttjn_altered_transposed_rotated.jpg,sun_apqibwnqcwarttjn_altered_transposed_rotated.jpg,match
288,aprxzhduaxdjmlrt,sun_aprxzhduaxdjmlrt_intact_intact_intact.jpg,sun_aprxzhduaxdjmlrt_intact_intact_intact.jpg,match
289,aprxzhduaxdjmlrt,sun_aprxzhduaxdjmlrt_intact_intact_intact.jpg,sun_aprxzhduaxdjmlrt_altered_intact_intact.jpg,mismatch
290,aprxzhduaxdjmlrt,sun_aprxzhduaxdjmlrt_intact_transposed_intact.jpg,sun_aprxzhduaxdjmlrt_intact_transposed_intact.jpg,match
291,aprxzhduaxdjmlrt,sun_aprxzhduaxdjmlrt_intact_transposed_intact.jpg,sun_aprxzhduaxdjmlrt_altered_transposed_intact.jpg,mismatch
292,aprxzhduaxdjmlrt,sun_aprxzhduaxdjmlrt_intact_intact_rotated.jpg,sun_aprxzhduaxdjmlrt_intact_intact_rotated.jpg,match
293,aprxzhduaxdjmlrt,sun_aprxzhduaxdjmlrt_intact_intact_rotated.jpg,sun_aprxzhduaxdjmlrt_altered_intact_rotated.jpg,mismatch
294,aprxzhduaxdjmlrt,sun_aprxzhduaxdjmlrt_intact_transposed_rotated.jpg,sun_aprxzhduaxdjmlrt_intact_transposed_rotated.jpg,match
295,aprxzhduaxdjmlrt,sun_aprxzhduaxdjmlrt_intact_transposed_rotated.jpg,sun_aprxzhduaxdjmlrt_altered_transposed_rotated.jpg,mismatch
296,aprxzhduaxdjmlrt,sun_aprxzhduaxdjmlrt_altered_intact_intact.jpg,sun_aprxzhduaxdjmlrt_intact_intact_intact.jpg,mismatch
297,aprxzhduaxdjmlrt,sun_aprxzhduaxdjmlrt_altered_intact_intact.jpg,sun_aprxzhduaxdjmlrt_altered_intact_intact.jpg,match
298,aprxzhduaxdjmlrt,sun_aprxzhduaxdjmlrt_altered_transposed_intact.jpg,sun_aprxzhduaxdjmlrt_intact_transposed_intact.jpg,mismatch
299,aprxzhduaxdjmlrt,sun_aprxzhduaxdjmlrt_altered_transposed_intact.jpg,sun_aprxzhduaxdjmlrt_altered_transposed_intact.jpg,match
300,aprxzhduaxdjmlrt,sun_aprxzhduaxdjmlrt_altered_intact_rotated.jpg,sun_aprxzhduaxdjmlrt_intact_intact_rotated.jpg,mismatch
301,aprxzhduaxdjmlrt,sun_aprxzhduaxdjmlrt_altered_intact_rotated.jpg,sun_aprxzhduaxdjmlrt_altered_intact_rotated.jpg,match
302,aprxzhduaxdjmlrt,sun_aprxzhduaxdjmlrt_altered_transposed_rotated.jpg,sun_aprxzhduaxdjmlrt_intact_transposed_rotated.jpg,mismatch
303,aprxzhduaxdjmlrt,sun_aprxzhduaxdjmlrt_altered_transposed_rotated.jpg,sun_aprxzhduaxdjmlrt_altered_transposed_rotated.jpg,match
304,avsgyffbexiirhlz,sun_avsgyffbexiirhlz_intact_intact_intact.jpg,sun_avsgyffbexiirhlz_intact_intact_intact.jpg,match
305,avsgyffbexiirhlz,sun_avsgyffbexiirhlz_intact_intact_intact.jpg,sun_avsgyffbexiirhlz_altered_intact_intact.jpg,mismatch
306,avsgyffbexiirhlz,sun_avsgyffbexiirhlz_intact_transposed_intact.jpg,sun_avsgyffbexiirhlz_intact_transposed_intact.jpg,match
307,avsgyffbexiirhlz,sun_avsgyffbexiirhlz_intact_transposed_intact.jpg,sun_avsgyffbexiirhlz_altered_transposed_intact.jpg,mismatch
308,avsgyffbexiirhlz,sun_avsgyffbexiirhlz_intact_intact_rotated.jpg,sun_avsgyffbexiirhlz_intact_intact_rotated.jpg,match
309,avsgyffbexiirhlz,sun_avsgyffbexiirhlz_intact_intact_rotated.jpg,sun_avsgyffbexiirhlz_altered_intact_rotated.jpg,mismatch
310,avsgyffbexiirhlz,sun_avsgyffbexiirhlz_intact_transposed_rotated.jpg,sun_avsgyffbexiirhlz_intact_transposed_rotated.jpg,match
311,avsgyffbexiirhlz,sun_avsgyffbexiirhlz_intact_transposed_rotated.jpg,sun_avsgyffbexiirhlz_altered_transposed_rotated.jpg,mismatch
312,avsgyffbexiirhlz,sun_avsgyffbexiirhlz_altered_intact_intact.jpg,sun_avsgyffbexiirhlz_intact_intact_intact.jpg,mismatch
313,avsgyffbexiirhlz,sun_avsgyffbexiirhlz_altered_intact_intact.jpg,sun_avsgyffbexiirhlz_altered_intact_intact.jpg,match
314,avsgyffbexiirhlz,sun_avsgyffbexiirhlz_altered_transposed_intact.jpg,sun_avsgyffbexiirhlz_intact_transposed_intact.jpg,mismatch
315,avsgyffbexiirhlz,sun_avsgyffbexiirhlz_altered_transposed_intact.jpg,sun_avsgyffbexiirhlz_altered_transposed_intact.jpg,match
316,avsgyffbexiirhlz,sun_avsgyffbexiirhlz_altered_intact_rotated.jpg,sun_avsgyffbexiirhlz_intact_intact_rotated.jpg,mismatch
317,avsgyffbexiirhlz,sun_avsgyffbexiirhlz_altered_intact_rotated.jpg,sun_avsgyffbexiirhlz_altered_intact_rotated.jpg,match
318,avsgyffbexiirhlz,sun_avsgyffbexiirhlz_altered_transposed_rotated.jpg,sun_avsgyffbexiirhlz_intact_transposed_rotated.jpg,mismatch
319,avsgyffbexiirhlz,sun_avsgyffbexiirhlz_altered_transposed_rotated.jpg,sun_avsgyffbexiirhlz_altered_transposed_rotated.jpg,match
320,axhkqnillajzwkwq,sun_axhkqnillajzwkwq_intact_intact_intact.jpg,sun_axhkqnillajzwkwq_intact_intact_intact.jpg,match
321,axhkqnillajzwkwq,sun_axhkqnillajzwkwq_intact_intact_intact.jpg,sun_axhkqnillajzwkwq_altered_intact_intact.jpg,mismatch
322,axhkqnillajzwkwq,sun_axhkqnillajzwkwq_intact_transposed_intact.jpg,sun_axhkqnillajzwkwq_intact_transposed_intact.jpg,match
323,axhkqnillajzwkwq,sun_axhkqnillajzwkwq_intact_transposed_intact.jpg,sun_axhkqnillajzwkwq_altered_transposed_intact.jpg,mismatch
324,axhkqnillajzwkwq,sun_axhkqnillajzwkwq_intact_intact_rotated.jpg,sun_axhkqnillajzwkwq_intact_intact_rotated.jpg,match
325,axhkqnillajzwkwq,sun_axhkqnillajzwkwq_intact_intact_rotated.jpg,sun_axhkqnillajzwkwq_altered_intact_rotated.jpg,mismatch
326,axhkqnillajzwkwq,sun_axhkqnillajzwkwq_intact_transposed_rotated.jpg,sun_axhkqnillajzwkwq_intact_transposed_rotated.jpg,match
327,axhkqnillajzwkwq,sun_axhkqnillajzwkwq_intact_transposed_rotated.jpg,sun_axhkqnillajzwkwq_altered_transposed_rotated.jpg,mismatch
328,axhkqnillajzwkwq,sun_axhkqnillajzwkwq_altered_intact_intact.jpg,sun_axhkqnillajzwkwq_intact_intact_intact.jpg,mismatch
329,axhkqnillajzwkwq,sun_axhkqnillajzwkwq_altered_intact_intact.jpg,sun_axhkqnillajzwkwq_altered_intact_intact.jpg,match
330,axhkqnillajzwkwq,sun_axhkqnillajzwkwq_altered_transposed_intact.jpg,sun_axhkqnillajzwkwq_intact_transposed_intact.jpg,mismatch
331,axhkqnillajzwkwq,sun_axhkqnillajzwkwq_altered_transposed_intact.jpg,sun_axhkqnillajzwkwq_altered_transposed_intact.jpg,match
332,axhkqnillajzwkwq,sun_axhkqnillajzwkwq_altered_intact_rotated.jpg,sun_axhkqnillajzwkwq_intact_intact_rotated.jpg,mismatch
333,axhkqnillajzwkwq,sun_axhkqnillajzwkwq_altered_intact_rotated.jpg,sun_axhkqnillajzwkwq_altered_intact_rotated.jpg,match
334,axhkqnillajzwkwq,sun_axhkqnillajzwkwq_altered_transposed_rotated.jpg,sun_axhkqnillajzwkwq_intact_transposed_rotated.jpg,mismatch
335,axhkqnillajzwkwq,sun_axhkqnillajzwkwq_altered_transposed_rotated.jpg,sun_axhkqnillajzwkwq_altered_transposed_rotated.jpg,match
336,axoheaktihbzkqwa,sun_axoheaktihbzkqwa_intact_intact_intact.jpg,sun_axoheaktihbzkqwa_intact_intact_intact.jpg,match
337,axoheaktihbzkqwa,sun_axoheaktihbzkqwa_intact_intact_intact.jpg,sun_axoheaktihbzkqwa_altered_intact_intact.jpg,mismatch
338,axoheaktihbzkqwa,sun_axoheaktihbzkqwa_intact_transposed_intact.jpg,sun_axoheaktihbzkqwa_intact_transposed_intact.jpg,match
339,axoheaktihbzkqwa,sun_axoheaktihbzkqwa_intact_transposed_intact.jpg,sun_axoheaktihbzkqwa_altered_transposed_intact.jpg,mismatch
340,axoheaktihbzkqwa,sun_axoheaktihbzkqwa_intact_intact_rotated.jpg,sun_axoheaktihbzkqwa_intact_intact_rotated.jpg,match
341,axoheaktihbzkqwa,sun_axoheaktihbzkqwa_intact_intact_rotated.jpg,sun_axoheaktihbzkqwa_altered_intact_rotated.jpg,mismatch
342,axoheaktihbzkqwa,sun_axoheaktihbzkqwa_intact_transposed_rotated.jpg,sun_axoheaktihbzkqwa_intact_transposed_rotated.jpg,match
343,axoheaktihbzkqwa,sun_axoheaktihbzkqwa_intact_transposed_rotated.jpg,sun_axoheaktihbzkqwa_altered_transposed_rotated.jpg,mismatch
344,axoheaktihbzkqwa,sun_axoheaktihbzkqwa_altered_intact_intact.jpg,sun_axoheaktihbzkqwa_intact_intact_intact.jpg,mismatch
345,axoheaktihbzkqwa,sun_axoheaktihbzkqwa_altered_intact_intact.jpg,sun_axoheaktihbzkqwa_altered_intact_intact.jpg,match
346,axoheaktihbzkqwa,sun_axoheaktihbzkqwa_altered_transposed_intact.jpg,sun_axoheaktihbzkqwa_intact_transposed_intact.jpg,mismatch
347,axoheaktihbzkqwa,sun_axoheaktihbzkqwa_altered_transposed_intact.jpg,sun_axoheaktihbzkqwa_altered_transposed_intact.jpg,match
348,axoheaktihbzkqwa,sun_axoheaktihbzkqwa_altered_intact_rotated.jpg,sun_axoheaktihbzkqwa_intact_intact_rotated.jpg,mismatch
349,axoheaktihbzkqwa,sun_axoheaktihbzkqwa_altered_intact_rotated.jpg,sun_axoheaktihbzkqwa_altered_intact_rotated.jpg,match
350,axoheaktihbzkqwa,sun_axoheaktihbzkqwa_altered_transposed_rotated.jpg,sun_axoheaktihbzkqwa_intact_transposed_rotated.jpg,mismatch
351,axoheaktihbzkqwa,sun_axoheaktihbzkqwa_altered_transposed_rotated.jpg,sun_axoheaktihbzkqwa_altered_transposed_rotated.jpg,match
352,axwciprsuhoewcdp,sun_axwciprsuhoewcdp_intact_intact_intact.jpg,sun_axwciprsuhoewcdp_intact_intact_intact.jpg,match
353,axwciprsuhoewcdp,sun_axwciprsuhoewcdp_intact_intact_intact.jpg,sun_axwciprsuhoewcdp_altered_intact_intact.jpg,mismatch
354,axwciprsuhoewcdp,sun_axwciprsuhoewcdp_intact_transposed_intact.jpg,sun_axwciprsuhoewcdp_intact_transposed_intact.jpg,match
355,axwciprsuhoewcdp,sun_axwciprsuhoewcdp_intact_transposed_intact.jpg,sun_axwciprsuhoewcdp_altered_transposed_intact.jpg,mismatch
356,axwciprsuhoewcdp,sun_axwciprsuhoewcdp_intact_intact_rotated.jpg,sun_axwciprsuhoewcdp_intact_intact_rotated.jpg,match
357,axwciprsuhoewcdp,sun_axwciprsuhoewcdp_intact_intact_rotated.jpg,sun_axwciprsuhoewcdp_altered_intact_rotated.jpg,mismatch
358,axwciprsuhoewcdp,sun_axwciprsuhoewcdp_intact_transposed_rotated.jpg,sun_axwciprsuhoewcdp_intact_transposed_rotated.jpg,match
359,axwciprsuhoewcdp,sun_axwciprsuhoewcdp_intact_transposed_rotated.jpg,sun_axwciprsuhoewcdp_altered_transposed_rotated.jpg,mismatch
360,axwciprsuhoewcdp,sun_axwciprsuhoewcdp_altered_intact_intact.jpg,sun_axwciprsuhoewcdp_intact_intact_intact.jpg,mismatch
361,axwciprsuhoewcdp,sun_axwciprsuhoewcdp_altered_intact_intact.jpg,sun_axwciprsuhoewcdp_altered_intact_intact.jpg,match
362,axwciprsuhoewcdp,sun_axwciprsuhoewcdp_altered_transposed_intact.jpg,sun_axwciprsuhoewcdp_intact_transposed_intact.jpg,mismatch
363,axwciprsuhoewcdp,sun_axwciprsuhoewcdp_altered_transposed_intact.jpg,sun_axwciprsuhoewcdp_altered_transposed_intact.jpg,match
364,axwciprsuhoewcdp,sun_axwciprsuhoewcdp_altered_intact_rotated.jpg,sun_axwciprsuhoewcdp_intact_intact_rotated.jpg,mismatch
365,axwciprsuhoewcdp,sun_axwciprsuhoewcdp_altered_intact_rotated.jpg,sun_axwciprsuhoewcdp_altered_intact_rotated.jpg,match
366,axwciprsuhoewcdp,sun_axwciprsuhoewcdp_altered_transposed_rotated.jpg,sun_axwciprsuhoewcdp_intact_transposed_rotated.jpg,mismatch
367,axwciprsuhoewcdp,sun_axwciprsuhoewcdp_altered_transposed_rotated.jpg,sun_axwciprsuhoewcdp_altered_transposed_rotated.jpg,match
368,aytgbyoadzocaysh,sun_aytgbyoadzocaysh_intact_intact_intact.jpg,sun_aytgbyoadzocaysh_intact_intact_intact.jpg,match
369,aytgbyoadzocaysh,sun_aytgbyoadzocaysh_intact_intact_intact.jpg,sun_aytgbyoadzocaysh_altered_intact_intact.jpg,mismatch
370,aytgbyoadzocaysh,sun_aytgbyoadzocaysh_intact_transposed_intact.jpg,sun_aytgbyoadzocaysh_intact_transposed_intact.jpg,match
371,aytgbyoadzocaysh,sun_aytgbyoadzocaysh_intact_transposed_intact.jpg,sun_aytgbyoadzocaysh_altered_transposed_intact.jpg,mismatch
372,aytgbyoadzocaysh,sun_aytgbyoadzocaysh_intact_intact_rotated.jpg,sun_aytgbyoadzocaysh_intact_intact_rotated.jpg,match
373,aytgbyoadzocaysh,sun_aytgbyoadzocaysh_intact_intact_rotated.jpg,sun_aytgbyoadzocaysh_altered_intact_rotated.jpg,mismatch
374,aytgbyoadzocaysh,sun_aytgbyoadzocaysh_intact_transposed_rotated.jpg,sun_aytgbyoadzocaysh_intact_transposed_rotated.jpg,match
375,aytgbyoadzocaysh,sun_aytgbyoadzocaysh_intact_transposed_rotated.jpg,sun_aytgbyoadzocaysh_altered_transposed_rotated.jpg,mismatch
376,aytgbyoadzocaysh,sun_aytgbyoadzocaysh_altered_intact_intact.jpg,sun_aytgbyoadzocaysh_intact_intact_intact.jpg,mismatch
377,aytgbyoadzocaysh,sun_aytgbyoadzocaysh_altered_intact_intact.jpg,sun_aytgbyoadzocaysh_altered_intact_intact.jpg,match
378,aytgbyoadzocaysh,sun_aytgbyoadzocaysh_altered_transposed_intact.jpg,sun_aytgbyoadzocaysh_intact_transposed_intact.jpg,mismatch
379,aytgbyoadzocaysh,sun_aytgbyoadzocaysh_altered_transposed_intact.jpg,sun_aytgbyoadzocaysh_altered_transposed_intact.jpg,match
380,aytgbyoadzocaysh,sun_aytgbyoadzocaysh_altered_intact_rotated.jpg,sun_aytgbyoadzocaysh_intact_intact_rotated.jpg,mismatch
381,aytgbyoadzocaysh,sun_aytgbyoadzocaysh_altered_intact_rotated.jpg,sun_aytgbyoadzocaysh_altered_intact_rotated.jpg,match
382,aytgbyoadzocaysh,sun_aytgbyoadzocaysh_altered_transposed_rotated.jpg,sun_aytgbyoadzocaysh_intact_transposed_rotated.jpg,mismatch
383,aytgbyoadzocaysh,sun_aytgbyoadzocaysh_altered_transposed_rotated.jpg,sun_aytgbyoadzocaysh_altered_transposed_rotated.jpg,match
384,azjekowgdlqpdlfz,sun_azjekowgdlqpdlfz_intact_intact_intact.jpg,sun_azjekowgdlqpdlfz_intact_intact_intact.jpg,match
385,azjekowgdlqpdlfz,sun_azjekowgdlqpdlfz_intact_intact_intact.jpg,sun_azjekowgdlqpdlfz_altered_intact_intact.jpg,mismatch
386,azjekowgdlqpdlfz,sun_azjekowgdlqpdlfz_intact_transposed_intact.jpg,sun_azjekowgdlqpdlfz_intact_transposed_intact.jpg,match
387,azjekowgdlqpdlfz,sun_azjekowgdlqpdlfz_intact_transposed_intact.jpg,sun_azjekowgdlqpdlfz_altered_transposed_intact.jpg,mismatch
388,azjekowgdlqpdlfz,sun_azjekowgdlqpdlfz_intact_intact_rotated.jpg,sun_azjekowgdlqpdlfz_intact_intact_rotated.jpg,match
389,azjekowgdlqpdlfz,sun_azjekowgdlqpdlfz_intact_intact_rotated.jpg,sun_azjekowgdlqpdlfz_altered_intact_rotated.jpg,mismatch
390,azjekowgdlqpdlfz,sun_azjekowgdlqpdlfz_intact_transposed_rotated.jpg,sun_azjekowgdlqpdlfz_intact_transposed_rotated.jpg,match
391,azjekowgdlqpdlfz,sun_azjekowgdlqpdlfz_intact_transposed_rotated.jpg,sun_azjekowgdlqpdlfz_altered_transposed_rotated.jpg,mismatch
392,azjekowgdlqpdlfz,sun_azjekowgdlqpdlfz_altered_intact_intact.jpg,sun_azjekowgdlqpdlfz_intact_intact_intact.jpg,mismatch
393,azjekowgdlqpdlfz,sun_azjekowgdlqpdlfz_altered_intact_intact.jpg,sun_azjekowgdlqpdlfz_altered_intact_intact.jpg,match
394,azjekowgdlqpdlfz,sun_azjekowgdlqpdlfz_altered_transposed_intact.jpg,sun_azjekowgdlqpdlfz_intact_transposed_intact.jpg,mismatch
395,azjekowgdlqpdlfz,sun_azjekowgdlqpdlfz_altered_transposed_intact.jpg,sun_azjekowgdlqpdlfz_altered_transposed_intact.jpg,match
396,azjekowgdlqpdlfz,sun_azjekowgdlqpdlfz_altered_intact_rotated.jpg,sun_azjekowgdlqpdlfz_intact_intact_rotated.jpg,mismatch
397,azjekowgdlqpdlfz,sun_azjekowgdlqpdlfz_altered_intact_rotated.jpg,sun_azjekowgdlqpdlfz_altered_intact_rotated.jpg,match
398,azjekowgdlqpdlfz,sun_azjekowgdlqpdlfz_altered_transposed_rotated.jpg,sun_azjekowgdlqpdlfz_intact_transposed_rotated.jpg,mismatch
399,azjekowgdlqpdlfz,sun_azjekowgdlqpdlfz_altered_transposed_rotated.jpg,sun_azjekowgdlqpdlfz_altered_transposed_rotated.jpg,match
